cart_item_id,option_name,option_value
1427,Edition,Standard
4821,Warranty,Deluxe
2078,Size,Blue
4364,Color,Large
567,Color,Red
7501,Edition,Red
2507,Warranty,Green
4577,Warranty,1 Year
4504,Warranty,Blue
4921,Warranty,Red
1563,Edition,2 Year
5023,Warranty,2 Year
6826,Warranty,Blue
7222,Size,Blue
4088,Size,Medium
4327,Edition,Standard
1740,Size,Blue
6158,Size,Blue
2015,Color,Deluxe
6857,Color,Blue
2643,Color,Large
2008,Color,Standard
310,Color,Large
1612,Color,1 Year
5184,Edition,Blue
2193,Size,Small
4256,Warranty,Large
4701,Edition,Medium
6226,Size,Green
7189,Color,Green
1560,Edition,Red
3687,Edition,Green
2622,Edition,Large
6255,Edition,Large
2832,Warranty,Medium
2479,Edition,Blue
6893,Color,Green
2104,Warranty,Small
2994,Edition,Blue
3184,Edition,Medium
3600,Color,Large
1726,Warranty,Blue
162,Edition,Medium
631,Warranty,Medium
7450,Edition,Deluxe
2557,Warranty,Medium
5620,Edition,Deluxe
4164,Size,Blue
164,Warranty,Red
195,Warranty,Small
5166,Edition,Medium
3389,Size,Blue
2122,Edition,Red
3087,Size,Medium
7561,Edition,Standard
1042,Color,Blue
160,Edition,Blue
3679,Color,1 Year
4746,Color,Blue
4846,Warranty,Small
6429,Size,Medium
1550,Color,Blue
6775,Size,Standard
6549,Warranty,Deluxe
6094,Edition,2 Year
4384,Edition,Small
964,Color,Blue
1235,Color,Standard
4143,Size,Red
2060,Warranty,2 Year
2499,Warranty,Small
610,Size,Green
2828,Edition,2 Year
4647,Size,1 Year
7392,Size,Small
5165,Edition,Standard
4307,Warranty,1 Year
1786,Edition,Red
6194,Warranty,Deluxe
5192,Color,Red
2082,Warranty,Deluxe
2881,Size,Red
4904,Size,Large
6955,Color,Deluxe
3081,Warranty,Small
2337,Edition,1 Year
2986,Edition,Red
2738,Color,Standard
2742,Size,Standard
5790,Color,Standard
4633,Warranty,Small
6210,Size,Medium
2006,Edition,Large
6081,Edition,Green
2894,Size,1 Year
2259,Warranty,1 Year
1956,Size,1 Year
4622,Color,Large
2886,Edition,Large
6586,Size,Blue
3890,Warranty,Red
253,Warranty,Standard
2472,Warranty,Blue
4037,Warranty,Small
4357,Size,Green
1864,Warranty,Blue
5883,Color,Small
806,Warranty,1 Year
827,Size,Green
5071,Size,Blue
1859,Size,2 Year
7969,Warranty,2 Year
509,Warranty,Red
7774,Color,2 Year
2899,Warranty,Blue
7644,Edition,2 Year
5413,Edition,Small
7017,Warranty,Green
2807,Color,1 Year
5305,Size,Standard
6400,Edition,Blue
6650,Size,Large
3360,Color,Medium
6734,Color,2 Year
5709,Warranty,Green
2222,Color,Deluxe
1692,Size,Large
1634,Warranty,Large
6804,Warranty,Green
258,Warranty,Deluxe
4925,Size,Small
1554,Size,Small
2589,Size,Medium
1897,Size,Small
4317,Edition,Deluxe
7197,Color,Deluxe
4853,Edition,Standard
1672,Edition,Deluxe
540,Edition,Small
2004,Color,1 Year
1835,Edition,Standard
2357,Size,Deluxe
3191,Warranty,Standard
586,Warranty,1 Year
1001,Color,Red
5445,Color,Blue
6641,Color,Medium
1352,Color,Large
6651,Color,Large
2173,Warranty,Red
824,Color,Blue
822,Color,Blue
2889,Color,Red
4628,Color,Standard
2406,Size,Deluxe
4062,Size,Large
7430,Size,Blue
1297,Size,Medium
3426,Color,Green
3981,Color,Small
6002,Color,Red
4435,Color,Green
3355,Edition,Deluxe
3205,Size,Deluxe
4186,Color,2 Year
6077,Size,Deluxe
2873,Edition,Blue
1328,Color,Red
1796,Size,Standard
4326,Edition,Blue
6528,Color,Blue
7627,Size,Small
644,Edition,Blue
1210,Edition,Large
6820,Warranty,Blue
4228,Edition,Standard
1932,Color,Medium
7506,Warranty,Blue
1954,Warranty,2 Year
3189,Edition,Deluxe
2971,Size,Small
831,Edition,Medium
5198,Edition,Small
2070,Size,Small
2418,Warranty,Red
2509,Edition,Small
919,Warranty,Deluxe
1510,Warranty,Deluxe
4698,Size,1 Year
980,Color,1 Year
6333,Color,1 Year
2885,Color,Large
1469,Size,Standard
6782,Size,Green
4705,Color,Green
4077,Warranty,Red
4690,Edition,Medium
5120,Size,Deluxe
5607,Edition,Blue
7407,Color,Green
3645,Size,Standard
7575,Edition,Large
930,Color,Deluxe
6666,Warranty,1 Year
5430,Edition,Large
6290,Size,1 Year
4860,Color,Small
1809,Color,1 Year
4590,Size,Medium
3609,Color,Blue
2293,Size,Large
623,Edition,Deluxe
648,Size,Large
4586,Size,Small
7425,Size,Blue
1576,Edition,Deluxe
5218,Size,Medium
5540,Warranty,2 Year
7631,Size,Blue
7253,Size,Standard
692,Edition,Blue
4127,Edition,Green
5037,Size,Small
1242,Color,Large
1203,Edition,Green
7552,Edition,Standard
7610,Color,Deluxe
5735,Warranty,Large
3019,Edition,Small
4508,Warranty,1 Year
4117,Color,Large
4820,Color,Large
7039,Warranty,Green
6291,Edition,Large
3759,Size,Small
6327,Warranty,2 Year
7707,Size,1 Year
6604,Size,Deluxe
3776,Color,Standard
6843,Edition,Red
3316,Edition,Large
7597,Color,Green
3686,Color,Standard
1633,Edition,Medium
4856,Size,2 Year
4567,Warranty,2 Year
7602,Edition,Red
672,Size,Small
4609,Size,2 Year
6838,Size,Blue
1052,Size,Small
805,Size,1 Year
61,Edition,Blue
5960,Warranty,Standard
1423,Warranty,Blue
7002,Edition,Green
4758,Color,Blue
5538,Color,1 Year
2792,Size,Standard
813,Size,1 Year
2002,Warranty,Blue
374,Size,Green
1572,Edition,2 Year
6716,Warranty,Green
5054,Color,Standard
695,Size,Green
4744,Warranty,Large
4213,Edition,Red
1865,Size,Small
2340,Size,Blue
3127,Edition,2 Year
4147,Edition,Large
2013,Warranty,Small
6756,Warranty,1 Year
7785,Color,1 Year
5551,Color,Green
6594,Edition,Deluxe
3727,Color,2 Year
5597,Size,1 Year
1735,Edition,2 Year
4709,Color,1 Year
6103,Color,Large
761,Edition,Deluxe
6995,Size,Small
7541,Size,Large
5997,Edition,Red
694,Edition,Red
7523,Edition,Medium
7310,Warranty,Deluxe
1224,Edition,Standard
7303,Size,Blue
6642,Warranty,Medium
5713,Color,Blue
7647,Edition,Red
7898,Color,Green
4909,Edition,Medium
992,Size,Green
6926,Size,2 Year
2254,Color,Small
3613,Color,Red
5771,Size,Standard
1005,Color,Small
3121,Edition,Deluxe
6841,Warranty,Red
688,Color,Standard
5105,Warranty,2 Year
7180,Size,Deluxe
1940,Size,Green
5971,Warranty,Standard
1272,Edition,2 Year
222,Edition,Medium
5502,Warranty,Large
3281,Edition,Large
79,Color,Green
3937,Edition,Large
5378,Warranty,Large
5205,Size,Blue
5955,Color,Blue
4663,Size,Green
5399,Warranty,Green
4387,Warranty,Standard
3616,Warranty,Green
466,Size,Red
6678,Size,Deluxe
5937,Edition,2 Year
2107,Color,Deluxe
2288,Size,1 Year
3749,Edition,Medium
2744,Warranty,Green
5855,Edition,Green
2503,Color,Medium
2578,Size,Green
7332,Size,Small
7521,Color,Large
6891,Color,Large
918,Color,Blue
1305,Warranty,Small
2730,Size,Medium
6133,Size,Small
6064,Edition,Standard
6818,Color,Green
7291,Size,Blue
1737,Color,Blue
4348,Size,Green
3967,Color,Blue
660,Color,Large
5428,Edition,2 Year
6101,Edition,Blue
2053,Size,Green
4791,Warranty,Blue
5719,Size,Deluxe
6139,Color,Green
2379,Edition,Blue
7,Warranty,1 Year
3944,Warranty,Large
6571,Edition,1 Year
93,Edition,2 Year
1649,Size,Green
7154,Warranty,Large
7994,Warranty,Deluxe
2931,Color,Standard
4847,Edition,Large
4078,Warranty,Red
3412,Warranty,Blue
5774,Color,2 Year
3809,Color,2 Year
780,Warranty,2 Year
2096,Size,Standard
4985,Warranty,1 Year
8000,Size,2 Year
841,Edition,Green
3201,Color,Blue
1390,Warranty,Small
4859,Warranty,Green
583,Warranty,Deluxe
5028,Size,Medium
2311,Warranty,Small
2795,Warranty,Blue
7095,Warranty,Large
789,Size,Large
5310,Color,1 Year
4869,Size,2 Year
2069,Size,Small
2446,Edition,Green
1168,Size,Small
136,Size,Large
2799,Color,Small
4406,Edition,Blue
5788,Edition,Large
1759,Warranty,Red
5529,Warranty,2 Year
2219,Size,Green
593,Color,Deluxe
1351,Color,Deluxe
2159,Size,Standard
6360,Size,2 Year
7908,Color,Deluxe
480,Warranty,Small
1262,Warranty,Green
6240,Color,Small
944,Color,Small
2776,Warranty,Large
5898,Warranty,Green
167,Size,Blue
5975,Size,Green
5480,Color,Green
5586,Edition,Large
7385,Warranty,1 Year
7884,Size,Blue
4870,Size,Standard
2239,Edition,Medium
2863,Warranty,Blue
5536,Size,Large
3319,Edition,Blue
624,Color,Green
2726,Warranty,Small
1730,Warranty,Blue
3619,Color,Small
1977,Size,Standard
5296,Size,Green
2790,Color,Green
5608,Color,Medium
2862,Warranty,Medium
2278,Edition,1 Year
6958,Size,Red
3576,Color,Blue
6862,Color,Small
6867,Color,Medium
7519,Color,2 Year
3683,Color,Small
4338,Color,Red
7283,Warranty,Green
329,Warranty,Medium
3192,Warranty,Blue
1470,Warranty,Deluxe
5238,Color,Small
3089,Edition,1 Year
2957,Color,2 Year
5891,Warranty,Medium
7846,Warranty,Deluxe
4336,Warranty,2 Year
205,Edition,Green
3758,Warranty,Blue
2344,Warranty,Medium
3685,Edition,Red
6648,Warranty,Green
2011,Size,Standard
3624,Color,2 Year
239,Warranty,2 Year
5759,Color,Standard
6953,Edition,Green
2296,Color,Blue
7711,Edition,Medium
1907,Edition,2 Year
2965,Color,Small
2904,Edition,Blue
7925,Warranty,Red
2621,Size,Deluxe
1211,Size,Large
6828,Edition,Green
6799,Warranty,Red
362,Color,Blue
4004,Color,Deluxe
5491,Warranty,Green
2469,Edition,Small
7641,Color,2 Year
7225,Size,Green
6253,Edition,Red
3863,Warranty,Green
7132,Size,Standard
1139,Edition,Standard
6340,Warranty,Blue
1908,Warranty,Standard
6031,Color,Deluxe
105,Color,Green
3828,Edition,Deluxe
332,Color,Green
1901,Color,Large
307,Warranty,Deluxe
3058,Color,Blue
2567,Edition,Red
5237,Edition,Blue
1227,Warranty,1 Year
433,Size,Small
3988,Edition,Large
3603,Edition,Blue
4763,Warranty,Small
3504,Size,Deluxe
6683,Warranty,Deluxe
4015,Color,1 Year
2024,Color,Standard
1996,Edition,Small
5140,Edition,Small
656,Edition,Small
2305,Color,2 Year
7671,Edition,Deluxe
1096,Color,2 Year
1014,Edition,Blue
685,Warranty,Deluxe
212,Warranty,2 Year
1742,Edition,2 Year
1399,Warranty,Large
1492,Color,Small
125,Warranty,Standard
6405,Edition,Small
5847,Color,Blue
5473,Size,Deluxe
1436,Warranty,Large
5716,Warranty,Deluxe
4896,Size,Small
3688,Color,Large
7708,Edition,Green
7343,Size,1 Year
1038,Edition,1 Year
2692,Warranty,Medium
6889,Size,2 Year
4173,Warranty,Red
5404,Warranty,Blue
3974,Edition,Blue
6800,Size,Medium
3134,Edition,2 Year
829,Color,Standard
4386,Edition,Green
888,Size,Medium
782,Warranty,Standard
1856,Edition,Medium
4372,Size,Red
1202,Size,Medium
6694,Warranty,2 Year
5501,Edition,Large
1871,Warranty,Deluxe
1885,Size,2 Year
2989,Color,Small
885,Warranty,Deluxe
6234,Warranty,Green
2722,Size,Large
4444,Size,Small
7613,Warranty,Blue
4076,Edition,Deluxe
6108,Size,Large
769,Edition,Blue
1483,Color,Green
7158,Size,Standard
696,Color,Small
4319,Color,Standard
2686,Size,Green
5068,Warranty,1 Year
4199,Size,Small
3374,Warranty,Standard
4774,Edition,2 Year
4887,Size,Standard
7689,Edition,Small
3332,Edition,Medium
6453,Color,Deluxe
7246,Edition,Green
2136,Edition,1 Year
7590,Size,Standard
4569,Size,Deluxe
464,Warranty,Deluxe
102,Size,Large
4115,Size,Small
4303,Size,Large
6757,Edition,Deluxe
1171,Color,Medium
7622,Edition,Deluxe
3251,Color,2 Year
587,Size,Deluxe
5986,Size,Deluxe
5251,Warranty,1 Year
6698,Warranty,Medium
6610,Warranty,1 Year
57,Size,1 Year
3614,Warranty,Medium
5285,Warranty,Green
5435,Size,Standard
1973,Size,Small
4600,Size,Large
2796,Size,Blue
35,Edition,Large
4769,Size,Green
5751,Size,Blue
3499,Color,Large
2508,Color,Small
3718,Color,Deluxe
3044,Color,Medium
5873,Size,Deluxe
3329,Color,Standard
1993,Edition,Red
26,Color,Standard
3899,Warranty,Medium
2696,Edition,Small
5760,Edition,Blue
5364,Edition,Standard
1142,Warranty,Large
3913,Warranty,Medium
1386,Warranty,Green
6428,Edition,Deluxe
4436,Size,Standard
3105,Color,Green
2960,Edition,Deluxe
4407,Edition,Green
3856,Color,Deluxe
407,Warranty,Small
5112,Warranty,Red
6233,Size,Small
7187,Color,Red
5795,Size,Medium
2177,Color,Large
1,Edition,Medium
6877,Edition,Blue
7406,Warranty,Green
1058,Size,2 Year
243,Warranty,Green
3669,Size,Blue
3782,Size,Standard
6894,Size,Small
5701,Color,Red
856,Size,2 Year
2693,Warranty,Medium
7909,Edition,Red
2537,Size,Red
4083,Warranty,Standard
5700,Warranty,Green
2005,Warranty,Medium
2855,Edition,Standard
5995,Color,Large
584,Color,Small
2803,Color,Medium
4356,Warranty,Blue
2748,Size,Blue
6334,Warranty,Green
1752,Edition,Large
3128,Color,2 Year
526,Warranty,Red
1695,Color,Standard
1306,Warranty,Medium
6984,Edition,Medium
545,Warranty,Deluxe
3163,Size,Red
4174,Warranty,Large
3473,Color,2 Year
1012,Edition,Deluxe
667,Size,Blue
2345,Warranty,Small
2155,Warranty,Medium
5264,Warranty,2 Year
7008,Size,Medium
870,Color,Small
2165,Warranty,Green
7224,Size,1 Year
4810,Warranty,Red
6441,Edition,Small
2068,Color,Blue
5232,Warranty,Blue
6111,Color,Standard
6717,Edition,Red
6565,Edition,Small
4421,Size,Standard
4161,Warranty,Blue
69,Edition,Deluxe
392,Color,Standard
1843,Edition,Red
6381,Color,Deluxe
7487,Size,Deluxe
5431,Color,2 Year
4905,Size,Medium
4358,Edition,1 Year
4940,Size,Medium
6034,Edition,Small
1666,Warranty,2 Year
1950,Color,1 Year
6089,Color,1 Year
1511,Color,Medium
771,Color,Green
2991,Edition,2 Year
5429,Edition,1 Year
1909,Color,Standard
7540,Size,Large
7865,Color,Deluxe
7789,Edition,Standard
2538,Color,Blue
6507,Size,Red
1206,Edition,Deluxe
2454,Edition,Red
7861,Size,1 Year
5773,Color,1 Year
6393,Warranty,Large
1385,Warranty,Small
3557,Color,Green
5557,Edition,Red
4269,Color,Deluxe
4678,Size,Large
2307,Color,Deluxe
4827,Edition,Blue
4273,Size,Green
6272,Edition,Medium
4754,Size,2 Year
538,Color,Medium
2669,Edition,1 Year
4986,Edition,1 Year
7373,Size,Medium
3947,Edition,Deluxe
3752,Warranty,Medium
4392,Size,1 Year
5692,Color,Deluxe
5666,Edition,2 Year
5017,Size,Deluxe
6746,Color,2 Year
5933,Size,Blue
7780,Warranty,2 Year
6987,Edition,Deluxe
4799,Edition,Small
1112,Color,2 Year
2463,Size,Small
3062,Warranty,Red
6083,Edition,2 Year
280,Size,Green
4652,Warranty,Medium
559,Edition,1 Year
2661,Warranty,Standard
6515,Color,Standard
1964,Edition,Red
5317,Warranty,Medium
3543,Warranty,Deluxe
87,Size,Medium
6845,Color,Green
6025,Warranty,Red
3196,Warranty,2 Year
6839,Edition,Red
3040,Color,2 Year
6299,Color,Blue
1174,Color,Small
364,Edition,Medium
3160,Size,Small
4249,Edition,Blue
7415,Size,Small
4492,Warranty,2 Year
6015,Edition,Blue
5693,Edition,Deluxe
6458,Edition,Small
4089,Size,Green
6983,Edition,2 Year
5595,Color,Standard
5542,Warranty,Red
5303,Warranty,Small
5322,Color,Small
5818,Color,Green
4749,Color,1 Year
6553,Warranty,1 Year
5768,Warranty,Large
5030,Color,Standard
5853,Color,1 Year
652,Color,Green
5352,Warranty,Medium
4935,Color,2 Year
1061,Size,2 Year
2760,Size,2 Year
1537,Size,Deluxe
7777,Warranty,Green
4354,Edition,Medium
2548,Warranty,Deluxe
2432,Warranty,Medium
7024,Edition,Green
4542,Size,Deluxe
334,Edition,Medium
2777,Size,Medium
5712,Color,Large
6304,Size,Small
465,Size,2 Year
2530,Edition,Blue
1857,Edition,Medium
2978,Color,Small
2474,Color,1 Year
2094,Color,Small
6971,Size,Red
1381,Size,Deluxe
844,Color,2 Year
4915,Edition,Blue
6999,Warranty,Green
1817,Color,Blue
4753,Color,Medium
1215,Size,2 Year
3574,Color,2 Year
3152,Warranty,Green
6751,Edition,Green
6980,Edition,2 Year
7584,Size,Small
7725,Size,2 Year
4329,Edition,Medium
2890,Warranty,Blue
5563,Warranty,Red
1767,Warranty,Green
5561,Color,Blue
2700,Size,Deluxe
5942,Warranty,Deluxe
4274,Edition,Small
340,Edition,Red
70,Color,Red
6224,Size,Large
430,Edition,2 Year
2183,Size,1 Year
4630,Size,Blue
2869,Size,Large
276,Color,Medium
7637,Color,Standard
4822,Size,Red
1803,Size,Large
5875,Edition,Green
7124,Size,Green
3571,Color,2 Year
4528,Edition,Small
5714,Warranty,Red
4643,Color,Green
4743,Warranty,Standard
74,Color,Deluxe
4464,Color,Standard
1229,Color,Standard
6901,Edition,Small
1751,Warranty,Small
1757,Color,2 Year
2267,Warranty,Small
4737,Edition,Blue
7803,Size,Red
7404,Warranty,Medium
3523,Warranty,Deluxe
2244,Warranty,Large
5344,Warranty,Red
154,Size,Standard
5846,Edition,Large
7247,Color,Standard
5780,Warranty,Medium
46,Size,Blue
809,Warranty,Medium
1640,Size,Blue
5691,Warranty,Standard
5091,Size,Large
3014,Size,Red
2561,Color,1 Year
3826,Edition,Blue
5136,Edition,Deluxe
3213,Color,Small
6682,Size,Blue
7588,Size,Small
936,Warranty,Deluxe
1284,Warranty,2 Year
6212,Edition,Large
664,Size,Green
1022,Size,Green
3397,Edition,Medium
5153,Edition,Medium
736,Edition,Standard
6518,Edition,2 Year
5329,Edition,2 Year
4675,Warranty,1 Year
1018,Warranty,Red
5705,Color,Standard
4279,Edition,Red
288,Size,Standard
410,Size,Green
2074,Warranty,2 Year
7990,Warranty,1 Year
4530,Warranty,1 Year
5245,Size,Small
66,Warranty,Large
6205,Warranty,Red
5233,Size,Small
5499,Warranty,Small
383,Size,Blue
7855,Size,Deluxe
3707,Color,1 Year
5125,Edition,Green
6626,Warranty,Blue
6464,Size,Small
1858,Size,Large
956,Color,Standard
886,Warranty,Green
3904,Edition,Standard
4954,Color,1 Year
6362,Warranty,Deluxe
3075,Warranty,Small
6959,Color,Medium
7714,Size,Small
1919,Warranty,Blue
188,Warranty,Large
532,Color,2 Year
3803,Warranty,Large
4029,Color,Medium
6221,Warranty,Green
4211,Color,Blue
6657,Warranty,2 Year
3848,Warranty,1 Year
4456,Warranty,Blue
3156,Edition,2 Year
5656,Warranty,Green
5515,Size,Small
7639,Color,Small
7772,Warranty,Deluxe
7174,Warranty,Deluxe
6166,Size,Standard
3328,Warranty,Medium
3325,Edition,Deluxe
6236,Size,Green
4792,Size,Blue
58,Size,Red
3464,Color,Deluxe
5518,Color,Red
3173,Warranty,Standard
6,Edition,Deluxe
7484,Size,2 Year
3049,Color,Medium
7907,Edition,1 Year
1450,Edition,Small
3744,Size,Standard
2713,Edition,Large
605,Color,2 Year
5046,Size,Large
4807,Warranty,1 Year
5002,Color,1 Year
4773,Size,2 Year
2182,Color,Standard
5265,Size,Blue
2673,Size,Large
6099,Edition,Large
5274,Color,Small
1457,Warranty,Standard
5881,Edition,Deluxe
1618,Edition,Blue
6967,Size,Standard
2167,Edition,Medium
974,Color,Deluxe
2974,Warranty,Blue
4431,Color,Green
6534,Color,Large
3537,Edition,Standard
4664,Size,2 Year
5015,Color,Blue
1733,Edition,Medium
4442,Size,Red
3441,Color,Green
7537,Edition,1 Year
4673,Edition,Deluxe
2998,Color,Standard
12,Color,Green
2585,Edition,Red
2115,Size,2 Year
1534,Color,1 Year
5427,Size,1 Year
435,Warranty,Small
5278,Warranty,Small
1465,Size,1 Year
1623,Edition,Blue
2549,Size,Deluxe
6780,Size,1 Year
5909,Color,Blue
2411,Color,Medium
5631,Color,Green
3839,Size,Medium
6974,Edition,Medium
1126,Size,2 Year
6681,Color,Small
3858,Color,Blue
7887,Edition,Large
6620,Edition,Blue
513,Edition,Red
3215,Warranty,Large
6455,Warranty,Medium
748,Warranty,Blue
589,Edition,Large
5582,Edition,Green
3741,Color,Blue
5145,Edition,Small
2434,Size,Medium
4398,Size,Blue
826,Color,Large
1312,Color,Blue
3219,Size,1 Year
4568,Edition,Medium
5117,Warranty,Medium
7529,Color,Red
2141,Color,Blue
7410,Warranty,Large
5552,Size,Standard
717,Color,Small
196,Edition,Blue
7886,Warranty,Red
4947,Color,Blue
7752,Size,Small
1064,Edition,Small
6250,Size,Blue
1931,Edition,Green
349,Edition,Blue
3845,Warranty,Standard
1596,Size,Small
5396,Edition,Blue
6545,Color,Standard
6924,Size,Deluxe
4670,Warranty,1 Year
1810,Edition,Medium
1316,Warranty,Standard
180,Size,2 Year
4261,Edition,Blue
3244,Size,2 Year
3122,Color,Medium
3171,Edition,Medium
679,Size,Medium
3909,Warranty,Red
846,Size,1 Year
2126,Warranty,Standard
3601,Color,Deluxe
6305,Warranty,Large
7712,Edition,Blue
7568,Color,Medium
601,Warranty,2 Year
3303,Color,2 Year
5207,Color,2 Year
3489,Color,Blue
6365,Warranty,2 Year
1621,Size,Large
5723,Warranty,Red
675,Color,Small
5367,Size,Red
2739,Color,Standard
2506,Size,1 Year
7100,Size,Medium
585,Warranty,Green
5954,Color,Large
37,Size,Green
1714,Color,Large
6296,Color,1 Year
1542,Edition,Blue
2671,Color,1 Year
399,Color,Blue
934,Color,2 Year
5021,Edition,Standard
6738,Edition,1 Year
4190,Size,1 Year
7703,Warranty,Deluxe
1222,Size,1 Year
5065,Size,2 Year
7026,Warranty,2 Year
6431,Size,Deluxe
5036,Edition,Red
3835,Color,Medium
611,Warranty,Large
4316,Warranty,2 Year
7409,Warranty,1 Year
1416,Warranty,Medium
6854,Warranty,2 Year
4300,Color,Standard
83,Size,Red
7477,Size,Red
2912,Edition,Small
1642,Warranty,Small
6574,Edition,1 Year
5069,Warranty,Medium
6652,Warranty,Large
5926,Edition,Small
45,Size,1 Year
3045,Warranty,Medium
2624,Size,Blue
5856,Warranty,Deluxe
1089,Warranty,Standard
47,Edition,Medium
4034,Edition,Blue
5307,Size,2 Year
450,Edition,Red
869,Size,Blue
5151,Color,2 Year
4012,Size,Green
5388,Warranty,Deluxe
4494,Color,Deluxe
2035,Size,2 Year
7094,Warranty,Blue
6364,Size,Deluxe
7172,Edition,Standard
1447,Color,Red
191,Color,Small
4125,Color,Medium
3232,Color,2 Year
5220,Color,Small
2591,Edition,Standard
2093,Size,Small
4815,Size,2 Year
6790,Color,Red
3276,Color,Red
7941,Warranty,Medium
4377,Size,Small
2274,Edition,2 Year
3202,Edition,Red
7119,Warranty,Deluxe
2380,Edition,Small
4350,Size,Green
3854,Size,Small
3706,Warranty,1 Year
6225,Warranty,Green
2033,Color,Red
6104,Edition,2 Year
7019,Warranty,Standard
6140,Size,Large
5645,Warranty,2 Year
6052,Warranty,Red
1282,Edition,Green
3897,Color,Deluxe
2822,Size,Blue
3050,Size,Standard
5587,Warranty,Green
1367,Warranty,Green
1630,Color,Deluxe
3730,Color,1 Year
5286,Color,Medium
6796,Size,Green
7833,Size,Red
1109,Color,Deluxe
2966,Color,Green
3795,Edition,Deluxe
2706,Warranty,1 Year
4640,Warranty,1 Year
5569,Size,Blue
6078,Color,Green
3951,Color,Medium
2766,Warranty,Blue
227,Warranty,Small
6500,Warranty,Small
7972,Edition,Red
3798,Warranty,Small
2233,Warranty,Blue
1223,Color,Medium
3671,Size,Blue
4987,Edition,2 Year
6954,Color,Deluxe
6490,Edition,Blue
7702,Edition,2 Year
481,Color,Large
2546,Edition,Standard
1727,Size,Deluxe
4244,Warranty,Small
7782,Warranty,Blue
7009,Warranty,2 Year
2740,Warranty,Green
6426,Color,2 Year
645,Edition,Large
1632,Size,Large
1279,Warranty,Large
7276,Size,Small
4096,Edition,Standard
2808,Color,Large
7914,Color,Green
2680,Edition,Medium
5392,Size,Deluxe
5387,Edition,Blue
123,Warranty,1 Year
5648,Size,1 Year
7345,Size,Green
4808,Color,Medium
6079,Edition,Red
202,Warranty,Large
4693,Edition,Standard
2062,Size,1 Year
1198,Warranty,Green
1024,Edition,Green
5158,Warranty,Large
6765,Warranty,Medium
948,Size,Standard
5838,Color,Medium
5020,Warranty,Small
2785,Color,Medium
5148,Warranty,Standard
928,Color,Green
6665,Warranty,1 Year
6223,Size,Green
6859,Size,Standard
573,Warranty,Deluxe
4056,Color,Green
7481,Color,Standard
247,Size,Blue
5314,Size,Blue
5677,Warranty,Large
3821,Warranty,Red
2302,Warranty,Medium
4284,Color,Large
3575,Edition,Standard
671,Size,Medium
4066,Color,Deluxe
2376,Edition,1 Year
1189,Edition,1 Year
4006,Warranty,Red
89,Color,2 Year
6266,Size,Small
6750,Warranty,1 Year
474,Edition,Deluxe
2102,Warranty,Large
1638,Size,2 Year
5370,Color,Large
3291,Warranty,Standard
1512,Color,Large
5951,Warranty,Large
6918,Color,Blue
4755,Size,Blue
3425,Color,Green
7574,Size,Deluxe
6871,Warranty,2 Year
7295,Warranty,Small
3789,Warranty,2 Year
4634,Warranty,Blue
5210,Warranty,Medium
3100,Size,Large
6988,Warranty,Red
6588,Color,Deluxe
3779,Size,Medium
3689,Edition,Red
4248,Size,Green
577,Color,2 Year
3594,Color,Red
1599,Edition,Red
2525,Edition,2 Year
3633,Size,Standard
1172,Size,Large
2335,Color,Green
6949,Warranty,Red
107,Color,Standard
7511,Warranty,Red
7704,Color,Standard
2928,Warranty,Deluxe
7530,Size,1 Year
4796,Warranty,Deluxe
4736,Warranty,Large
625,Warranty,Standard
3309,Size,Standard
4003,Color,1 Year
7074,Color,Deluxe
7383,Warranty,Large
5740,Size,1 Year
1013,Color,Green
3912,Edition,Green
1555,Edition,Medium
2720,Color,2 Year
6792,Size,Blue
1124,Warranty,Standard
7370,Size,2 Year
955,Edition,Large
938,Color,2 Year
2156,Edition,Large
3406,Warranty,2 Year
4593,Warranty,Red
6093,Edition,Red
1094,Warranty,Blue
5111,Size,Blue
241,Color,Blue
7741,Edition,2 Year
6729,Warranty,Small
5425,Color,Green
3971,Edition,1 Year
91,Color,Standard
4588,Edition,Small
2814,Edition,Small
2389,Color,1 Year
3872,Size,2 Year
5067,Warranty,1 Year
5872,Size,Large
7904,Edition,Green
1021,Warranty,Small
3611,Color,Large
2815,Color,Small
2489,Size,Medium
1402,Edition,Medium
5273,Size,Red
2648,Warranty,Large
6516,Size,Blue
3920,Edition,Standard
5660,Size,Standard
5772,Size,2 Year
1403,Color,Standard
1524,Edition,2 Year
1123,Warranty,1 Year
4351,Color,Small
3000,Edition,1 Year
3660,Color,Red
2670,Edition,Standard
7984,Edition,Small
172,Warranty,Medium
7178,Size,1 Year
2526,Size,Small
1641,Color,2 Year
7836,Size,1 Year
5308,Warranty,Small
5049,Size,Large
3966,Size,Medium
3668,Warranty,Medium
2325,Warranty,2 Year
458,Size,Blue
6245,Warranty,1 Year
1795,Edition,1 Year
2728,Edition,Green
7822,Edition,Large
1057,Color,Green
965,Edition,2 Year
7645,Warranty,Red
7804,Size,Standard
179,Edition,Green
7868,Warranty,1 Year
7072,Color,1 Year
6794,Edition,Blue
7742,Size,Standard
6416,Warranty,Small
5526,Color,1 Year
4409,Color,Blue
5446,Warranty,Red
3855,Edition,Green
2588,Warranty,1 Year
5048,Size,Medium
7378,Color,Deluxe
7278,Size,Deluxe
1975,Warranty,Blue
6935,Size,Deluxe
345,Warranty,Small
1488,Warranty,1 Year
28,Warranty,Red
1104,Color,Blue
3357,Size,2 Year
4206,Color,Red
6913,Edition,Large
169,Warranty,Standard
557,Warranty,Small
5672,Warranty,Large
1874,Size,Medium
5268,Warranty,Small
4930,Size,Blue
4662,Size,Standard
994,Edition,Red
3379,Size,Large
2605,Size,Medium
5175,Warranty,Blue
828,Size,Red
1912,Color,Small
5728,Edition,Red
7478,Warranty,Green
6042,Warranty,Blue
3094,Size,Deluxe
2232,Size,Red
16,Edition,Deluxe
2149,Warranty,Blue
3953,Warranty,2 Year
6473,Warranty,1 Year
3713,Color,1 Year
4908,Color,Medium
5935,Size,1 Year
6396,Color,Medium
4276,Color,Deluxe
6444,Warranty,Large
7068,Edition,Green
2791,Color,2 Year
19,Edition,Medium
1984,Warranty,2 Year
5547,Color,Small
6086,Edition,2 Year
1479,Color,Deluxe
6254,Warranty,Standard
5550,Warranty,Medium
6812,Edition,Green
4499,Edition,Blue
168,Color,2 Year
277,Warranty,2 Year
4110,Warranty,Green
3659,Edition,Large
3630,Warranty,Standard
3055,Color,Medium
544,Warranty,Large
5914,Color,Medium
1802,Size,Small
4230,Size,Blue
5005,Edition,2 Year
2336,Warranty,2 Year
4517,Size,Small
71,Warranty,Green
4360,Warranty,Standard
4346,Size,Red
2666,Warranty,Green
3007,Edition,Standard
2976,Size,Blue
1650,Warranty,2 Year
821,Warranty,Small
2028,Warranty,Standard
6007,Size,Green
3132,Edition,Green
4682,Edition,Medium
4298,Color,Standard
1236,Warranty,2 Year
3824,Size,1 Year
7356,Color,1 Year
7824,Size,Deluxe
467,Edition,Red
1824,Warranty,Blue
7813,Color,Small
3931,Warranty,Standard
7459,Warranty,Red
4474,Color,Blue
1635,Color,Red
7219,Size,Blue
7954,Color,Standard
6087,Warranty,Deluxe
5107,Edition,Standard
5096,Color,Medium
5553,Color,1 Year
2719,Color,Red
6932,Edition,Deluxe
7433,Size,Blue
5619,Color,Red
455,Edition,Red
2012,Size,Large
7965,Color,Deluxe
3509,Color,Medium
3380,Warranty,Red
590,Edition,Deluxe
2230,Edition,Green
5830,Warranty,Deluxe
108,Size,1 Year
3522,Size,Standard
5451,Edition,Red
6931,Warranty,1 Year
6781,Color,1 Year
5479,Color,Blue
4041,Color,Standard
5167,Size,Medium
177,Warranty,Large
346,Warranty,2 Year
6201,Color,1 Year
106,Edition,Standard
5681,Color,Green
7916,Edition,Green
7243,Color,Blue
2449,Edition,Red
418,Edition,Medium
3407,Size,Medium
6601,Size,Red
1917,Color,Medium
5844,Size,Small
6691,Color,2 Year
1827,Warranty,Small
1791,Size,Large
2629,Color,Red
6069,Color,1 Year
3253,Color,Small
5410,Color,Deluxe
3994,Size,Red
1315,Warranty,Green
7517,Edition,Blue
2108,Size,2 Year
5784,Color,Small
55,Warranty,Green
720,Warranty,Deluxe
6189,Color,2 Year
7162,Size,Green
5560,Edition,Standard
637,Color,Deluxe
1175,Edition,1 Year
6404,Size,2 Year
627,Size,Medium
6046,Warranty,Green
3831,Size,Green
3338,Size,Blue
2574,Edition,1 Year
767,Color,Green
5610,Warranty,Small
7492,Size,Large
3250,Edition,Standard
4344,Size,Red
5766,Warranty,Deluxe
1539,Edition,Green
5505,Edition,Small
5061,Size,2 Year
3823,Warranty,2 Year
1054,Warranty,Red
2412,Size,2 Year
4278,Size,Deluxe
4139,Color,2 Year
4906,Size,Small
5669,Warranty,Green
2010,Edition,Deluxe
1276,Edition,Large
730,Color,2 Year
7069,Size,Large
139,Size,Large
7285,Warranty,Standard
2099,Size,Deluxe
7141,Warranty,Blue
4956,Size,Small
1501,Size,Small
3239,Edition,Small
2140,Warranty,1 Year
4060,Size,2 Year
5812,Color,Deluxe
2880,Warranty,Blue
4923,Color,Small
2132,Color,1 Year
2458,Warranty,Large
7111,Warranty,Blue
2684,Edition,1 Year
4391,Edition,Large
1170,Edition,Small
2616,Color,2 Year
1806,Warranty,1 Year
1851,Size,Green
7010,Warranty,Medium
3333,Warranty,Green
2324,Color,Standard
1149,Size,1 Year
3834,Size,1 Year
3842,Size,2 Year
3864,Size,Blue
5368,Size,2 Year
1998,Warranty,1 Year
5382,Size,Red
7961,Warranty,Deluxe
6607,Edition,Green
6699,Color,Medium
5659,Edition,Standard
4944,Color,Standard
6530,Size,Large
1698,Size,1 Year
4659,Size,Deluxe
5647,Edition,Large
1019,Warranty,Standard
6479,Size,Deluxe
3382,Color,Green
6950,Warranty,Large
815,Size,2 Year
5337,Color,Red
1405,Warranty,Green
2188,Color,Blue
7032,Warranty,Green
289,Edition,Standard
6070,Color,Standard
4491,Size,Medium
7349,Warranty,Standard
4306,Color,Red
2374,Warranty,2 Year
5635,Color,Deluxe
4373,Color,Medium
5011,Size,1 Year
1487,Warranty,Blue
3151,Edition,1 Year
1553,Color,Red
2426,Edition,1 Year
4502,Warranty,Standard
7640,Color,2 Year
7047,Edition,Small
537,Color,1 Year
5084,Size,Large
4182,Warranty,Red
1734,Color,Large
6989,Edition,Medium
2347,Edition,Blue
6529,Size,1 Year
4257,Size,1 Year
328,Warranty,Green
7831,Edition,Large
2888,Warranty,2 Year
6324,Size,Large
2926,Color,Standard
261,Size,Small
5088,Warranty,Blue
5596,Color,1 Year
2861,Size,1 Year
3172,Edition,Blue
6331,Color,Blue
7586,Color,2 Year
6125,Warranty,Standard
2298,Size,Medium
372,Color,Deluxe
367,Warranty,Medium
6218,Warranty,Deluxe
1994,Warranty,Large
6372,Edition,Medium
333,Color,Medium
6442,Edition,Standard
5026,Edition,2 Year
3226,Size,1 Year
3676,Color,Standard
4772,Size,Standard
6092,Color,Small
3446,Color,Large
1318,Edition,Small
5585,Edition,Blue
7999,Warranty,Medium
3159,Edition,Red
1657,Color,Green
2866,Edition,Standard
1725,Edition,Deluxe
4721,Warranty,2 Year
1936,Warranty,Deluxe
7505,Edition,Blue
4095,Warranty,Small
4913,Color,2 Year
214,Warranty,Small
2484,Size,2 Year
7881,Edition,2 Year
7304,Warranty,Blue
4138,Size,Medium
5860,Color,Green
2893,Color,Large
7792,Warranty,Standard
5203,Size,Deluxe
5913,Size,1 Year
3780,Edition,Red
1338,Edition,Medium
6555,Warranty,1 Year
7384,Size,Blue
4516,Size,Green
7152,Warranty,Deluxe
3453,Color,Small
2771,Size,2 Year
439,Size,Deluxe
6460,Warranty,Blue
5520,Size,Large
3469,Color,Standard
3145,Edition,Large
2435,Edition,Red
967,Edition,Large
6997,Color,Large
7493,Size,Medium
4685,Size,1 Year
3177,Warranty,Blue
7033,Size,Large
2377,Size,2 Year
1704,Color,Small
3300,Color,Green
4735,Edition,Blue
7444,Warranty,Blue
7933,Color,2 Year
4132,Size,Medium
2854,Edition,Deluxe
2490,Warranty,Medium
795,Color,1 Year
3921,Warranty,Large
628,Color,Medium
2390,Warranty,Deluxe
5807,Warranty,Deluxe
564,Warranty,Red
5657,Warranty,2 Year
1296,Warranty,Large
1637,Warranty,Red
1098,Size,Standard
7940,Color,Green
2915,Size,Medium
7880,Warranty,Green
682,Size,Small
5240,Edition,Small
5248,Size,Red
6661,Size,Green
4898,Edition,Blue
2535,Color,Deluxe
3317,Color,2 Year
1263,Size,Medium
483,Warranty,Medium
6425,Color,Small
4311,Color,Small
4415,Warranty,Small
3349,Size,Green
7740,Size,Small
4849,Color,Deluxe
7184,Warranty,Standard
2565,Size,1 Year
434,Color,Standard
4385,Size,Green
7205,Color,Standard
5641,Size,1 Year
1188,Color,Blue
4806,Warranty,Large
4401,Edition,Large
270,Size,Blue
2937,Color,Medium
7091,Size,Blue
6165,Size,Medium
6679,Size,Green
3230,Size,Large
2481,Color,1 Year
2512,Edition,Blue
814,Size,Blue
950,Warranty,Large
634,Size,Deluxe
3808,Warranty,2 Year
976,Size,Medium
3602,Color,Red
5128,Warranty,Red
6947,Color,Medium
6912,Edition,Medium
5819,Edition,Medium
3874,Edition,Small
7739,Edition,Standard
4017,Size,Red
3517,Edition,Large
2189,Edition,Red
6433,Color,Deluxe
6856,Warranty,Small
913,Warranty,Red
1076,Color,1 Year
1213,Warranty,Medium
472,Warranty,Medium
7249,Color,Blue
3723,Color,1 Year
5851,Size,Red
7140,Warranty,Green
2332,Size,Deluxe
174,Warranty,Green
996,Edition,Medium
7920,Edition,Standard
5371,Warranty,Deluxe
2577,Edition,Blue
520,Warranty,2 Year
1187,Edition,Standard
6624,Warranty,Deluxe
2243,Edition,Green
6771,Edition,Red
6071,Warranty,Blue
1613,Size,Small
1036,Edition,Red
3477,Warranty,Green
2283,Color,Blue
5362,Size,Red
6506,Warranty,Large
5906,Size,Blue
4583,Size,1 Year
5953,Edition,Small
13,Size,Green
4039,Warranty,1 Year
1720,Size,1 Year
173,Color,Red
166,Edition,Deluxe
7786,Edition,Medium
5743,Size,Blue
7231,Color,Red
3229,Warranty,Blue
371,Size,Large
7697,Color,Large
6787,Warranty,Green
4019,Edition,Red
1981,Warranty,Small
1508,Warranty,Red
3777,Size,Medium
2856,Edition,Large
6211,Size,Blue
412,Color,1 Year
7226,Size,2 Year
2559,Warranty,Standard
6367,Warranty,Green
4552,Warranty,Standard
413,Color,1 Year
7460,Color,Large
204,Edition,Standard
2414,Size,Medium
4144,Warranty,Standard
1948,Edition,1 Year
5698,Color,Green
287,Edition,Standard
4221,Warranty,Green
3467,Size,Large
7284,Size,Deluxe
1260,Size,Deluxe
1663,Warranty,Large
3067,Edition,1 Year
6492,Color,Large
2338,Size,Deluxe
3383,Color,Small
5412,Warranty,Green
7391,Color,2 Year
3570,Size,Standard
7681,Color,2 Year
2752,Color,Small
1867,Size,2 Year
5122,Edition,Red
1764,Edition,Blue
2378,Size,Deluxe
1028,Size,Blue
4571,Color,2 Year
3125,Size,Green
7801,Color,Small
653,Size,Blue
3392,Color,Large
5556,Color,1 Year
3491,Edition,Small
497,Warranty,Medium
2204,Size,Small
2941,Size,Standard
1269,Warranty,2 Year
4814,Edition,2 Year
2030,Edition,Green
7367,Color,Blue
4728,Edition,Green
5679,Size,Standard
2065,Color,2 Year
4686,Color,Large
6749,Color,2 Year
7330,Edition,Red
4217,Warranty,Red
6074,Edition,Standard
2947,Color,2 Year
429,Color,Medium
2667,Color,Deluxe
7098,Warranty,1 Year
1092,Color,Red
6556,Warranty,2 Year
2181,Size,Green
4052,Edition,Large
5452,Size,Deluxe
6875,Color,2 Year
7843,Size,Blue
3375,Size,Large
3104,Warranty,Blue
1880,Warranty,Deluxe
6903,Edition,Green
7323,Edition,Red
269,Edition,Blue
5221,Edition,Deluxe
198,Warranty,Standard
6779,Size,1 Year
3646,Edition,Small
817,Size,Blue
1134,Warranty,Deluxe
5500,Warranty,Red
2606,Size,1 Year
7982,Warranty,Deluxe
3210,Color,2 Year
4226,Warranty,Blue
7255,Size,Large
4272,Size,Large
3154,Size,Red
1225,Color,Blue
4845,Warranty,Standard
3432,Edition,Blue
1163,Size,Green
122,Edition,Red
6714,Warranty,Green
4246,Warranty,1 Year
56,Edition,Large
5941,Size,2 Year
401,Size,Standard
7266,Size,Red
2958,Edition,Medium
7109,Warranty,Medium
1814,Edition,Deluxe
7759,Warranty,2 Year
475,Edition,Blue
3053,Size,Large
6022,Warranty,Green
5767,Warranty,Large
7499,Warranty,Standard
3917,Color,Small
1431,Size,2 Year
3187,Edition,Medium
3326,Warranty,2 Year
3876,Color,Medium
5525,Size,Red
263,Edition,Large
2215,Size,Medium
7761,Edition,Green
3908,Size,Medium
3037,Warranty,1 Year
3925,Size,1 Year
5118,Color,Large
768,Warranty,Blue
2494,Edition,Small
2906,Color,Red
7428,Size,Large
7737,Size,Medium
7052,Color,Green
896,Size,Large
4063,Warranty,Medium
880,Edition,Medium
3743,Warranty,Deluxe
3778,Color,Blue
4142,Size,Blue
85,Warranty,Small
3698,Size,Deluxe
4953,Edition,Deluxe
75,Size,Green
4733,Color,1 Year
949,Edition,2 Year
7905,Color,Small
4952,Color,Small
5638,Size,Red
2542,Size,Medium
510,Color,Deluxe
4155,Edition,1 Year
5727,Warranty,Blue
3843,Size,Green
5626,Color,Green
7314,Size,Small
6526,Edition,2 Year
7369,Edition,Standard
3262,Size,Standard
6697,Size,Red
2241,Size,1 Year
5573,Warranty,Green
6961,Edition,Deluxe
6427,Edition,2 Year
1218,Size,Small
4218,Size,2 Year
5554,Color,Medium
6256,Color,Deluxe
431,Warranty,1 Year
619,Color,1 Year
428,Size,Blue
3711,Edition,Small
6265,Edition,Blue
6591,Edition,1 Year
2217,Color,Red
2306,Warranty,2 Year
5147,Edition,Deluxe
4781,Size,2 Year
4865,Size,Deluxe
6120,Warranty,Blue
44,Color,Standard
2981,Color,Large
1458,Warranty,Small
2116,Edition,Red
5492,Warranty,Green
1461,Warranty,1 Year
2218,Edition,Standard
2913,Edition,Small
4216,Size,Large
1082,Size,Medium
6438,Warranty,2 Year
3996,Color,Red
7743,Warranty,Small
486,Size,Green
1181,Edition,Green
7555,Size,Standard
6710,Warranty,Small
6315,Warranty,Red
2240,Color,Standard
4703,Warranty,Blue
148,Color,Small
4991,Warranty,Large
7605,Color,1 Year
6440,Color,Green
4232,Color,Green
2694,Edition,Small
1979,Size,Green
7454,Edition,Blue
96,Warranty,Green
4788,Edition,Green
3218,Warranty,Large
941,Color,Standard
151,Warranty,Blue
2,Edition,Green
1939,Color,Green
7359,Color,Blue
741,Size,Deluxe
7863,Warranty,Deluxe
592,Color,Deluxe
7784,Edition,Deluxe
905,Size,Red
982,Edition,2 Year
3493,Warranty,2 Year
7319,Edition,Medium
6685,Color,Standard
2829,Warranty,2 Year
563,Warranty,Small
1049,Edition,1 Year
7678,Size,1 Year
929,Color,Medium
4529,Color,Small
2121,Warranty,Large
1760,Edition,2 Year
3651,Color,Medium
5095,Warranty,Small
2038,Color,Small
4851,Size,Deluxe
7096,Warranty,Standard
4204,Color,Red
3295,Size,Large
985,Size,Small
1008,Edition,Large
4608,Size,1 Year
3788,Edition,Medium
865,Color,Standard
6219,Warranty,Green
6268,Color,Standard
6178,Edition,Medium
4873,Size,Green
4271,Warranty,1 Year
6412,Warranty,Standard
5190,Color,Red
884,Size,Small
2086,Color,Deluxe
5815,Color,Medium
1342,Size,Green
3258,Size,Medium
6465,Warranty,Blue
1805,Size,Standard
2783,Size,Blue
5436,Edition,2 Year
7311,Size,2 Year
952,Color,Green
4514,Color,Deluxe
2393,Color,Small
1178,Size,Standard
3869,Color,Red
5406,Size,Large
7252,Edition,Small
